{
    "metrics": {
        "iterations": {
            "count": 300,
            "rate": 9.89066363152118
        },
        "iteration_duration": {
            "avg": 1010.1207804466663,
            "min": 1001.794333,
            "med": 1007.696313,
            "max": 1040.031126,
            "p(90)": 1021.8650968,
            "p(95)": 1025.0134197
        },
        "data_received": {
            "count": 52800,
            "rate": 1740.7567991477276
        },
        "http_req_failed": {
            "passes": 0,
            "fails": 300,
            "thresholds": {
                "rate<0.01": false
            },
            "value": 0
        },
        "http_req_duration{expected_response:true}": {
            "p(90)": 21.196462200000003,
            "p(95)": 23.828881550000002,
            "avg": 8.949455289999989,
            "min": 1.462334,
            "med": 6.4798955,
            "max": 39.734458
        },
        "http_req_tls_handshaking": {
            "med": 0,
            "max": 0,
            "p(90)": 0,
            "p(95)": 0,
            "avg": 0,
            "min": 0
        },
        "http_reqs": {
            "count": 300,
            "rate": 9.89066363152118
        },
        "checks": {
            "passes": 600,
            "fails": 0,
            "value": 1
        },
        "http_req_connecting": {
            "med": 0,
            "max": 0.237791,
            "p(90)": 0,
            "p(95)": 0,
            "avg": 0.003961940000000001,
            "min": 0
        },
        "vus": {
            "value": 10,
            "min": 10,
            "max": 10
        },
        "http_req_receiving": {
            "avg": 0.09984667666666668,
            "min": 0.012291,
            "med": 0.067958,
            "max": 0.709875,
            "p(90)": 0.17152530000000002,
            "p(95)": 0.25595354999999953
        },
        "data_sent": {
            "count": 97730,
            "rate": 3222.048522361883
        },
        "http_req_sending": {
            "p(95)": 0.08749374999999997,
            "avg": 0.03658072666666666,
            "min": 0.004167,
            "med": 0.015854,
            "max": 0.927791,
            "p(90)": 0.04904550000000003
        },
        "vus_max": {
            "value": 10,
            "min": 10,
            "max": 10
        },
        "http_req_blocked": {
            "p(95)": 0.018377749999999922,
            "avg": 0.01085066666666666,
            "min": 0.00125,
            "med": 0.004687500000000001,
            "max": 0.262125,
            "p(90)": 0.0127256
        },
        "http_req_waiting": {
            "p(95)": 23.511431249999998,
            "avg": 8.813027886666672,
            "min": 1.41225,
            "med": 6.3342495,
            "max": 39.683541,
            "p(90)": 21.1565167
        },
        "http_req_duration": {
            "avg": 8.949455289999989,
            "min": 1.462334,
            "med": 6.4798955,
            "max": 39.734458,
            "p(90)": 21.196462200000003,
            "p(95)": 23.828881550000002,
            "thresholds": {
                "p(95)<500": false
            }
        }
    },
    "root_group": {
        "id": "d41d8cd98f00b204e9800998ecf8427e",
        "groups": {},
        "checks": {
                "event accepted": {
                    "name": "event accepted",
                    "path": "::event accepted",
                    "id": "c3a00a764b81816394792f611c7de9f9",
                    "passes": 300,
                    "fails": 0
                },
                "response has event_id": {
                    "name": "response has event_id",
                    "path": "::response has event_id",
                    "id": "9438f3e86922502a2d73d02d42edfa91",
                    "passes": 300,
                    "fails": 0
                }
            },
        "name": "",
        "path": ""
    }
}